playlist_genre,danceability,energy,acousticness,instrumentalness,valence
edm,0.6550408737382095,0.8024759225550223,0.08150359532351481,0.21857789519609466,0.4006555187820619
latin,0.7132872550921435,0.7083124684772065,0.21092044900096996,0.04444698068089234,0.6055104267701261
pop,0.6393017069184674,0.7010278445614673,0.17079366716542582,0.05987629295805339,0.5035210277828218
r&b,0.6701793408212116,0.5909343399005708,0.25990374844411707,0.02892032691769471,0.531230602099061
rap,0.7183527671423598,0.6507084058475461,0.19247867936999652,0.07599720175078316,0.5050900104420466
rock,0.5205479701070491,0.7328132700464552,0.145188901539083,0.0624173257725712,0.5373520500908907
