playlist_genre,avg_valence,avg_tempo,avg_popularity
edm,0.3868320652173913,124.63038043478262,40.31521739130435
latin,0.5880106870229007,124.25518320610688,50.19083969465649
pop,0.4678323529411764,118.49061176470587,47.205882352941174
r&b,0.486394623655914,120.05381720430107,48.483870967741936
rap,0.46929308176100626,121.70603144654086,50.63522012578616
rock,0.42920833333333336,133.11210416666668,39.458333333333336
