release_year,playlist_genre,track_popularity
2020,edm,40.31521739130435
2020,latin,50.19083969465649
2020,pop,47.205882352941174
2020,r&b,48.483870967741936
2020,rap,50.63522012578616
2020,rock,39.458333333333336
