playlist_genre,danceability,energy,acousticness,instrumentalness,valence
edm,0.6547760624169987,0.8028539176626825,0.08157725672974768,0.21827513117031874,0.39941704847277554
latin,0.7139045574235365,0.7096136874620215,0.2116021745999595,0.04432444373911282,0.6027383532509621
pop,0.639654176201373,0.6985538405797102,0.17314715382341725,0.05735436309687262,0.49590049580472917
r&b,0.6633162018898363,0.5860160636091265,0.2762893765614197,0.029610092500576172,0.5027891910578475
rap,0.7113330678877164,0.6478643241090981,0.20382105452916582,0.08465730586303007,0.48877622934501297
rock,0.5102371462734157,0.7785077720207254,0.1120159013591072,0.07392044071343165,0.49707214029493824
